Name,△t,n,total_links,total_interaction,mu_links,std_links,mu_contacts,std_contacts,min_contacts,max_contacts
Hypertext graph,600,223,2196,20818,1.28,1.32,0.45,0.45,0.00480354,2.37
Hypertext graph,1200,118,2196,20818,2.12,1.98,0.85,0.82,0.00480354,4.01
Hypertext graph,2400,63,2196,20818,3.59,2.91,1.59,1.45,0.00480354,6.61
Hypertext graph,3600,43,2196,20818,4.92,3.86,2.33,2.08,0.00480354,9.38
SFHH graph,600,128,9565,70261,1.41,1.85,0.78,0.81,0.00142326,3.7
SFHH graph,1200,65,9565,70261,2.41,3.15,1.54,1.55,0.00142326,7.3
SFHH graph,2400,33,9565,70261,4.29,5.35,3.03,2.8,0.00142326,10.21
SFHH graph,3600,22,9565,70261,6.14,7.09,4.55,4.03,0.06547018,14.66
